{"cameraMode":{"drawMode":0,"name":"Shaded","section":"Shading Mode"},"sceneLighting":true,"audioPlay":false,"sceneViewState":{"showFog":true,"showMaterialUpdate":false,"showSkybox":true,"showFlares":true,"showImageEffects":true,"showParticleSystems":true},"in2DMode":false,"pivot":{"x":1.6299999952316285,"y":27.43000030517578,"z":-2.7300000190734865},"rotation":{"x":-0.12278379499912262,"y":-0.806180477142334,"z":-0.17994284629821778,"w":0.5501160621643066},"size":2.5984158515930177,"orthographic":false}